"","status","cluster","count","percent"
"1","healthy","1",10485,83.2671537484117
"2","unhealthy","1",2107,16.7328462515883
"3","healthy","2",5386,58.0137871607066
"4","unhealthy","2",3898,41.9862128392934
