"","status","cluster","count","percent"
"1","healthy","1",1718,58.9972527472528
"2","unhealthy","1",1194,41.0027472527472
"3","healthy","2",4624,94.021960146401
"4","unhealthy","2",294,5.97803985359902
"5","healthy","3",3328,58.3041345480028
"6","unhealthy","3",2380,41.6958654519972
"7","healthy","4",6629,73.9266198282592
"8","unhealthy","4",2338,26.0733801717408
