"","status","cluster","count","percent"
"1","healthy","1",16185,72.4939532383768
"2","unhealthy","1",6141,27.5060467616232
"3","healthy","2",114,63.6871508379888
"4","unhealthy","2",65,36.3128491620112
