"","status","cluster","count","percent"
"1","healthy","1",10353,74.7131413725915
"2","unhealthy","1",3504,25.2868586274085
"3","healthy","2",5946,68.7557816836263
"4","unhealthy","2",2702,31.2442183163737
