"","status","cluster","count","percent"
"1","healthy","1",5012,71.4061832169825
"2","unhealthy","1",2007,28.5938167830175
"3","healthy","2",3173,75.332383665717
"4","unhealthy","2",1039,24.667616334283
"5","healthy","3",4867,71.9331953887082
"6","unhealthy","3",1899,28.0668046112918
"7","healthy","4",3171,72.0845646737895
"8","unhealthy","4",1228,27.9154353262105
