"","status","cluster","count","percent"
"1","healthy","1",5491,58.3838383838384
"2","unhealthy","1",3914,41.6161616161616
"3","healthy","2",10770,82.6617545475478
"4","unhealthy","2",2259,17.3382454524522
